"Type","Name","Timestamp","# requests","# failures","Requests/s","Requests Failed/s","Median response time","Average response time","Min response time","Max response time","Average Content Size","50%","66%","75%","80%","90%","95%","98%","99%","99.9%","99.99%","99.999","100%"
"None","Aggregated","1589923757",2,0,0.00,0.00,47,220,46,394.24,49.50,0,0,0,0,0,0,0,0,0,0,0,0
"None","Aggregated","1589923759",18,0,0.00,0.00,55,124,43,394.24,67.00,100,150,160,170,260,390,390,390,390,390,390,390
"None","Aggregated","1589923761",40,0,5.33,0.00,52,103,41,394.25,84.97,52,100,160,170,260,390,390,390,390,390,390,390
"None","Aggregated","1589923763",67,0,7.60,0.00,52,95,40,481.73,86.73,52,61,140,150,200,260,390,480,480,480,480,480
"None","Aggregated","1589923765",94,0,8.71,0.00,52,90,40,481.73,87.84,52,62,130,150,170,260,390,480,480,480,480,480
"None","Aggregated","1589923767",121,0,9.78,0.00,52,86,40,481.73,91.15,52,61,73,140,170,220,260,390,480,480,480,480
"None","Aggregated","1589923769",141,0,11.50,0.00,54,88,40,481.73,90.83,55,63,82,120,170,180,240,250,480,480,480,480
"None","Aggregated","1589923771",167,0,12.00,0.00,53,86,40,481.73,92.89,56,65,78,120,170,180,220,240,250,250,250,250
"None","Aggregated","1589923773",187,0,12.50,0.00,53,88,40,481.73,89.12,56,72,120,140,170,180,250,310,320,320,320,320
"None","Aggregated","1589923775",210,0,12.10,0.00,52,87,40,481.73,89.20,56,72,130,150,180,240,310,310,320,320,320,320
"None","Aggregated","1589923777",229,0,11.80,0.00,55,89,40,481.94,87.93,56,67,130,150,180,280,310,320,480,480,480,480
"None","Aggregated","1589923779",250,0,10.80,0.00,54,89,40,481.94,87.21,56,65,74,140,190,310,330,380,480,480,480,480
"None","Aggregated","1589923781",272,0,10.80,0.00,55,89,40,481.94,86.42,57,66,81,150,210,320,380,480,480,480,480,480
"None","Aggregated","1589923783",292,0,10.40,0.00,55,90,40,481.94,87.75,57,65,74,150,210,320,380,480,480,480,480,480
"None","Aggregated","1589923785",313,0,10.50,0.00,55,90,40,481.94,87.19,56,65,76,180,210,320,380,480,480,480,480,480
"None","Aggregated","1589923787",328,0,10.20,0.00,55,91,40,481.94,86.39,56,63,81,180,210,310,370,380,380,380,380,380
"None","Aggregated","1589923789",347,0,10.20,0.00,55,93,36,710.03,87.64,55,64,180,200,230,320,380,710,710,710,710,710
"None","Aggregated","1589923791",363,0,9.80,0.00,55,94,36,710.03,87.71,54,66,180,210,260,350,380,710,710,710,710,710
"None","Aggregated","1589923793",370,0,9.00,0.00,55,98,36,1477.07,87.85,55,71,190,210,260,370,710,1500,1500,1500,1500,1500
"None","Aggregated","1589923795",392,0,8.10,0.00,55,98,36,1477.07,88.14,56,71,180,200,270,370,710,1500,1500,1500,1500,1500
"None","Aggregated","1589923797",412,0,7.70,0.00,55,97,36,1477.07,89.00,56,71,190,200,240,320,710,1500,1500,1500,1500,1500
"None","Aggregated","1589923799",436,0,8.30,0.00,54,97,36,1477.07,88.89,54,63,140,200,220,270,370,1500,1500,1500,1500,1500
"None","Aggregated","1589923801",453,0,9.00,0.00,54,98,36,1477.07,88.11,51,62,180,200,220,270,390,1500,1500,1500,1500,1500
"None","Aggregated","1589923803",478,0,9.10,0.00,53,97,36,1477.07,87.73,51,58,74,190,220,270,340,360,390,390,390,390
"None","Aggregated","1589923805",503,0,10.20,0.00,53,96,36,1477.07,88.02,50,57,74,180,220,240,340,360,390,390,390,390
"None","Aggregated","1589923807",524,0,11.20,0.00,53,96,36,1477.07,87.09,51,61,140,160,210,280,340,360,390,390,390,390
"None","Aggregated","1589923809",550,0,11.00,0.00,54,95,36,1477.07,87.57,51,60,80,140,190,240,320,360,390,390,390,390
"None","Aggregated","1589923811",573,0,11.20,0.00,53,95,36,1477.07,88.60,52,60,80,140,180,220,280,320,360,360,360,360
"None","Aggregated","1589923813",597,0,12.10,0.00,53,94,36,1477.07,88.61,53,61,80,150,180,220,230,260,320,320,320,320
"None","Aggregated","1589923815",615,0,11.90,0.00,53,94,36,1477.07,87.98,55,66,120,150,200,220,240,260,320,320,320,320
"None","Aggregated","1589923817",635,0,11.50,0.00,54,95,36,1477.07,88.27,54,67,130,160,210,230,260,330,460,460,460,460
"None","Aggregated","1589923819",650,0,11.50,0.00,54,95,36,1477.07,88.62,54,69,150,190,230,260,330,460,460,460,460,460
"None","Aggregated","1589923821",676,0,10.20,0.00,53,95,36,1477.07,89.78,54,67,98,150,230,310,380,460,460,460,460,460
"None","Aggregated","1589923823",695,0,9.80,0.00,54,95,36,1477.07,89.60,54,70,130,160,240,310,380,460,460,460,460,460
"None","Aggregated","1589923825",705,0,10.00,0.00,53,97,36,1477.07,89.24,54,69,130,160,260,310,460,1300,1300,1300,1300,1300
"None","Aggregated","1589923827",727,0,8.90,0.00,53,97,36,1477.07,89.37,53,64,130,170,240,260,380,1300,1300,1300,1300,1300
"None","Aggregated","1589923829",750,0,9.00,0.00,53,96,36,1477.07,89.67,52,64,82,160,220,260,380,1300,1300,1300,1300,1300
"None","Aggregated","1589923831",774,0,9.60,0.00,53,96,36,1477.07,89.87,53,62,140,180,220,260,300,1300,1300,1300,1300,1300
"None","Aggregated","1589923833",789,0,10.20,0.00,53,96,36,1477.07,89.72,53,64,160,190,220,260,300,1300,1300,1300,1300,1300
"None","Aggregated","1589923835",810,0,9.80,0.00,53,96,36,1477.07,89.25,52,62,140,190,220,260,300,440,440,440,440,440
"None","Aggregated","1589923837",833,0,10.50,0.00,53,96,36,1477.07,90.07,52,59,72,180,210,270,300,320,440,440,440,440
"None","Aggregated","1589923839",856,0,10.40,0.00,53,96,36,1477.07,89.88,53,61,72,190,220,280,320,340,440,440,440,440
"None","Aggregated","1589923841",875,0,10.70,0.00,53,96,36,1477.07,89.90,52,62,74,190,230,290,370,440,440,440,440,440
"None","Aggregated","1589923843",901,0,10.10,0.00,53,96,36,1477.07,90.18,52,61,72,140,230,290,320,340,370,370,370,370
"None","Aggregated","1589923845",924,0,10.40,0.00,53,95,36,1477.07,90.55,51,59,70,130,210,270,300,340,370,370,370,370
"None","Aggregated","1589923847",948,0,11.00,0.00,53,95,36,1477.07,90.37,51,61,74,130,210,270,300,360,370,370,370,370
"None","Aggregated","1589923849",972,0,11.50,0.00,53,95,36,1477.07,90.69,52,61,74,140,190,250,290,300,360,360,360,360
"None","Aggregated","1589923851",994,0,11.70,0.00,53,95,36,1477.07,90.58,53,61,77,140,190,250,300,300,360,360,360,360
"None","Aggregated","1589923853",1018,0,11.60,0.00,53,94,36,1477.07,90.37,53,61,74,130,190,250,270,300,360,360,360,360
"None","Aggregated","1589923855",1037,0,11.80,0.00,53,95,36,1477.07,90.25,54,64,79,140,200,250,330,350,360,360,360,360
"None","Aggregated","1589923857",1056,0,11.40,0.00,53,95,36,1477.07,90.42,52,61,80,180,220,270,330,350,360,360,360,360
"None","Aggregated","1589923859",1075,0,10.70,0.00,53,95,36,1477.07,90.60,53,60,79,180,220,300,350,360,360,360,360,360
"None","Aggregated","1589923861",1092,0,10.30,0.00,53,95,36,1477.07,90.24,53,62,86,190,240,330,360,660,660,660,660,660
"None","Aggregated","1589923863",1118,0,9.80,0.00,53,95,36,1477.07,90.72,53,59,75,170,250,330,360,660,660,660,660,660
"None","Aggregated","1589923865",1138,0,10.00,0.00,53,95,36,1477.07,91.10,53,61,66,140,220,290,360,660,660,660,660,660
"None","Aggregated","1589923867",1160,0,10.40,0.00,53,95,36,1477.07,90.70,54,61,70,140,210,280,640,660,660,660,660,660
"None","Aggregated","1589923869",1176,0,10.60,0.00,53,95,36,1477.07,90.27,54,62,83,170,220,280,440,640,660,660,660,660
"None","Aggregated","1589923871",1193,0,10.20,0.00,53,95,36,1477.07,90.21,54,61,70,170,220,300,470,640,640,640,640,640
"None","Aggregated","1589923873",1213,0,10.30,0.00,53,96,33,1477.07,89.93,56,67,180,190,240,330,470,640,640,640,640,640
"None","Aggregated","1589923875",1232,0,9.80,0.00,53,96,33,1477.07,89.95,54,67,150,200,240,330,440,470,470,470,470,470
"None","Aggregated","1589923877",1250,0,9.50,0.00,53,96,33,1477.07,89.62,53,67,180,200,260,350,440,470,470,470,470,470
"None","Aggregated","1589923879",1267,0,9.10,0.00,53,96,33,1477.07,89.45,53,67,160,210,230,310,380,420,420,420,420,420
"None","Aggregated","1589923881",1287,0,9.20,0.00,53,96,33,1477.07,89.06,51,65,180,210,230,350,380,420,420,420,420,420
"None","Aggregated","1589923883",1304,0,9.20,0.00,53,97,33,1477.07,89.17,51,65,160,210,260,360,420,580,580,580,580,580
"None","Aggregated","1589923885",1324,0,8.70,0.00,53,96,33,1477.07,89.30,51,65,150,200,280,330,380,580,580,580,580,580
"None","Aggregated","1589923887",1347,0,8.90,0.00,53,96,33,1477.07,89.34,52,63,150,190,240,310,380,580,580,580,580,580
"None","Aggregated","1589923889",1364,0,9.30,0.00,53,97,33,1477.07,89.19,52,64,150,180,230,300,360,580,580,580,580,580
"None","Aggregated","1589923891",1379,0,9.60,0.00,53,97,33,1477.07,88.75,55,69,150,180,240,300,360,580,580,580,580,580
"None","Aggregated","1589923893",1401,0,9.50,0.00,53,97,33,1477.07,88.69,56,69,160,190,240,300,360,390,390,390,390,390
"None","Aggregated","1589923895",1413,0,9.80,0.00,53,98,33,1477.07,88.58,59,99,190,210,270,350,390,600,600,600,600,600
"None","Aggregated","1589923897",1421,0,9.10,0.00,53,98,33,1477.07,88.34,67,170,190,220,290,370,510,600,600,600,600,600
"None","Aggregated","1589923899",1437,0,8.00,0.00,53,99,33,1477.07,88.36,67,180,180,220,350,370,510,600,600,600,600,600
"None","Aggregated","1589923901",1457,0,7.10,0.00,53,99,33,1477.07,88.71,61,170,180,180,350,440,540,600,600,600,600,600
"None","Aggregated","1589923903",1474,0,7.90,0.00,53,99,33,1477.07,88.81,61,180,180,220,350,440,540,600,600,600,600,600
"None","Aggregated","1589923905",1495,0,7.70,0.00,53,99,33,1477.07,88.57,58,150,180,190,240,350,510,540,540,540,540,540
"None","Aggregated","1589923907",1515,0,7.90,0.00,53,99,33,1477.07,88.38,56,65,170,190,230,330,440,540,540,540,540,540
"None","Aggregated","1589923909",1541,0,8.90,0.00,53,99,33,1477.07,88.53,54,61,73,190,230,270,440,540,540,540,540,540
"None","Aggregated","1589923911",1558,0,10.10,0.00,53,99,33,1477.07,88.52,55,61,150,190,230,270,330,330,330,330,330,330
"None","Aggregated","1589923913",1574,0,9.70,0.00,53,99,33,1477.07,88.22,55,64,180,190,220,270,330,410,410,410,410,410
"None","Aggregated","1589923915",1596,0,9.90,0.00,53,99,33,1477.07,88.18,55,62,150,200,230,270,330,410,410,410,410,410
"None","Aggregated","1589923917",1617,0,10.10,0.00,54,99,33,1477.07,88.27,55,69,150,190,230,270,330,410,410,410,410,410
"None","Aggregated","1589923919",1632,0,10.30,0.00,54,99,33,1477.07,88.22,59,72,170,200,250,320,410,460,460,460,460,460
"None","Aggregated","1589923921",1653,0,9.80,0.00,54,99,33,1477.07,88.20,59,69,130,190,230,270,410,460,460,460,460,460
"None","Aggregated","1589923923",1670,0,9.50,0.00,54,99,33,1477.07,88.10,58,69,130,200,240,280,390,460,460,460,460,460
"None","Aggregated","1589923925",1692,0,9.90,0.00,54,99,33,1477.07,88.26,58,72,150,180,240,280,390,460,460,460,460,460
"None","Aggregated","1589923927",1712,0,9.70,0.00,54,99,33,1477.07,88.17,56,72,160,190,240,310,390,460,460,460,460,460
"None","Aggregated","1589923929",1739,0,9.20,0.00,54,99,33,1477.07,88.39,53,62,85,160,220,280,340,350,390,390,390,390
"None","Aggregated","1589923931",1756,0,9.90,0.00,54,99,33,1477.07,88.20,54,63,150,160,220,280,390,400,400,400,400,400
"None","Aggregated","1589923933",1774,0,10.40,0.00,54,99,33,1477.07,88.26,54,63,140,160,200,260,340,350,400,400,400,400
"None","Aggregated","1589923935",1794,0,10.00,0.00,54,99,33,1477.07,88.27,53,63,140,180,220,280,350,380,400,400,400,400
"None","Aggregated","1589923937",1812,0,10.40,0.00,54,99,33,1477.07,88.23,55,63,81,180,220,280,380,400,400,400,400,400
"None","Aggregated","1589923939",1829,0,10.90,0.00,54,99,33,1477.07,88.05,57,67,160,200,260,310,400,820,820,820,820,820
"None","Aggregated","1589923941",1842,0,9.60,0.00,54,100,33,1477.07,87.86,56,67,180,210,280,310,400,820,820,820,820,820
"None","Aggregated","1589923943",1862,0,8.90,0.00,54,100,33,1477.07,87.79,53,67,160,210,280,370,400,820,820,820,820,820
"None","Aggregated","1589923945",1884,0,8.50,0.00,54,100,33,1477.07,87.76,54,63,160,210,280,370,400,820,820,820,820,820
"None","Aggregated","1589923947",1910,0,8.80,0.00,54,99,33,1477.07,88.18,52,63,150,180,280,350,390,400,400,400,400,400
"None","Aggregated","1589923949",1935,0,8.50,0.00,53,99,33,1477.07,88.43,50,56,72,170,230,290,370,390,400,400,400,400
"None","Aggregated","1589923951",1952,0,10.00,0.00,53,99,33,1477.07,88.50,50,55,72,150,220,250,330,350,390,390,390,390
"None","Aggregated","1589923953",1969,0,11.00,0.00,53,99,33,1477.07,88.65,50,57,110,170,230,280,330,350,410,410,410,410
"None","Aggregated","1589923955",1988,0,11.20,0.00,53,99,33,1477.07,88.51,50,59,110,170,250,280,330,350,410,410,410,410
"None","Aggregated","1589923957",2003,0,10.70,0.00,53,100,33,1477.07,88.38,50,72,180,210,270,320,410,410,410,410,410,410
"None","Aggregated","1589923959",2024,0,10.00,0.00,53,100,33,1477.07,88.48,56,79,190,220,280,330,410,410,410,410,410,410
"None","Aggregated","1589923961",2046,0,8.80,0.00,54,100,33,1477.07,88.60,56,72,180,200,260,320,350,410,410,410,410,410
"None","Aggregated","1589923963",2063,0,8.80,0.00,53,100,33,1477.07,88.50,54,67,130,200,250,350,400,410,410,410,410,410
"None","Aggregated","1589923965",2083,0,9.20,0.00,54,100,33,1477.07,88.52,56,67,190,200,240,350,410,420,420,420,420,420
"None","Aggregated","1589923967",2100,0,9.20,0.00,54,100,33,1477.07,88.74,55,67,96,190,240,350,400,420,420,420,420,420
"None","Aggregated","1589923969",2114,0,9.50,0.00,54,100,33,1477.07,88.87,54,64,96,220,270,380,420,440,440,440,440,440
"None","Aggregated","1589923971",2142,0,9.40,0.00,53,100,33,1477.07,89.34,52,61,76,210,260,380,420,440,440,440,440,440
"None","Aggregated","1589923973",2150,0,9.20,0.00,53,100,33,1477.07,89.26,52,58,73,190,290,380,440,530,530,530,530,530
"None","Aggregated","1589923975",2164,0,9.30,0.00,53,101,33,1477.07,89.22,52,57,73,230,340,390,530,1000,1000,1000,1000,1000
"None","Aggregated","1589923977",2181,0,8.10,0.00,53,101,33,1477.07,89.05,52,59,81,230,360,440,530,1000,1000,1000,1000,1000
"None","Aggregated","1589923979",2194,0,8.20,0.00,53,101,33,1477.07,88.96,52,62,81,230,360,480,530,1000,1000,1000,1000,1000
"None","Aggregated","1589923981",2212,0,8.40,0.00,53,101,33,1477.07,88.85,55,65,240,260,390,480,530,1000,1000,1000,1000,1000
"None","Aggregated","1589923983",2225,0,7.70,0.00,53,101,30,1477.07,88.76,57,65,240,260,360,480,720,1000,1000,1000,1000,1000
"None","Aggregated","1589923985",2238,0,6.70,0.00,54,102,30,1477.07,88.68,57,65,250,270,320,410,570,720,720,720,720,720
"None","Aggregated","1589923987",2254,0,7.70,0.00,54,102,30,1477.07,88.76,57,68,250,270,320,430,570,720,720,720,720,720
"None","Aggregated","1589923989",2269,0,7.40,0.00,54,102,30,1477.07,88.78,57,72,250,270,320,400,570,720,720,720,720,720
"None","Aggregated","1589923991",2284,0,7.20,0.00,54,102,30,1477.07,88.66,59,72,250,270,320,420,570,720,720,720,720,720
"None","Aggregated","1589923993",2294,0,7.30,0.00,54,103,30,1477.07,88.62,59,72,240,290,400,450,680,730,730,730,730,730
"None","Aggregated","1589923995",2309,0,7.30,0.00,54,103,30,1477.07,88.65,57,70,240,260,400,450,680,730,730,730,730,730
"None","Aggregated","1589923997",2325,0,7.30,0.00,54,103,30,1477.07,88.59,55,64,230,260,350,450,680,730,730,730,730,730
"None","Aggregated","1589923999",2341,0,7.20,0.00,54,103,30,1477.07,88.59,54,62,85,260,420,570,720,730,730,730,730,730
"None","Aggregated","1589924001",2353,0,7.00,0.00,54,104,30,1477.07,88.46,54,64,230,270,450,570,720,730,730,730,730,730
"None","Aggregated","1589924003",2371,0,7.00,0.00,54,104,30,1477.07,88.29,53,64,230,260,340,490,570,720,720,720,720,720
"None","Aggregated","1589924005",2385,0,7.70,0.00,54,104,30,1477.07,88.26,54,65,220,230,340,490,570,720,720,720,720,720
"None","Aggregated","1589924007",2405,0,7.60,0.00,54,104,30,1477.07,88.13,55,68,220,230,290,490,570,720,720,720,720,720
"None","Aggregated","1589924009",2419,0,7.80,0.00,54,104,30,1477.07,88.17,58,68,220,230,280,470,490,540,540,540,540,540
"None","Aggregated","1589924011",2435,0,8.40,0.00,54,104,30,1477.07,88.18,58,68,210,220,270,390,490,650,650,650,650,650
"None","Aggregated","1589924013",2449,0,8.00,0.00,54,104,30,1477.07,88.09,60,72,210,220,330,450,480,650,650,650,650,650
"None","Aggregated","1589924015",2458,0,7.80,0.00,54,105,30,1477.07,88.01,58,72,210,230,330,460,650,950,950,950,950,950
"None","Aggregated","1589924017",2480,0,7.10,0.00,54,105,30,1477.07,88.35,57,68,74,240,390,480,650,950,950,950,950,950
"None","Aggregated","1589924019",2494,0,7.10,0.00,54,105,30,1477.07,88.33,56,69,91,260,390,460,650,950,950,950,950,950
"None","Aggregated","1589924021",2508,0,6.90,0.00,54,105,30,1477.07,88.31,56,70,190,270,390,460,580,950,950,950,950,950
"None","Aggregated","1589924023",2522,0,7.40,0.00,54,105,30,1477.07,88.48,53,68,86,260,340,510,800,950,950,950,950,950
"None","Aggregated","1589924025",2535,0,7.30,0.00,54,105,30,1477.07,88.47,53,63,86,260,340,480,580,800,800,800,800,800
"None","Aggregated","1589924027",2551,0,7.50,0.00,54,106,30,1477.07,88.35,54,69,250,260,350,480,580,800,800,800,800,800
"None","Aggregated","1589924029",2562,0,7.50,0.00,54,106,30,1477.07,88.36,52,60,250,270,370,570,800,810,810,810,810,810
"None","Aggregated","1589924031",2583,0,7.10,0.00,54,106,30,1477.07,88.29,51,58,79,250,370,570,800,810,810,810,810,810
"None","Aggregated","1589924033",2601,0,7.20,0.00,54,106,30,1477.07,88.20,51,58,79,240,350,500,570,810,810,810,810,810
"None","Aggregated","1589924036",2619,0,7.70,0.00,54,106,30,1477.07,88.11,51,56,69,240,330,370,570,810,810,810,810,810
"None","Aggregated","1589924038",2629,0,8.40,0.00,54,106,30,1477.07,88.02,51,56,88,260,330,390,500,570,570,570,570,570
"None","Aggregated","1589924040",2644,0,8.00,0.00,54,106,30,1477.07,87.86,52,62,230,270,350,410,510,570,570,570,570,570
"None","Aggregated","1589924042",2660,0,7.90,0.00,54,107,30,1477.07,87.87,53,62,260,280,360,400,430,510,510,510,510,510
"None","Aggregated","1589924044",2682,0,7.90,0.00,54,106,30,1477.07,87.96,54,60,240,260,350,400,430,510,510,510,510,510
"None","Aggregated","1589924046",2696,0,8.10,0.00,54,107,30,1477.07,87.88,55,70,240,250,350,390,430,510,510,510,510,510
"None","Aggregated","1589924048",2710,0,7.90,0.00,54,107,30,1477.07,87.86,54,64,210,240,320,390,430,560,560,560,560,560
"None","Aggregated","1589924050",2723,0,8.10,0.00,54,107,30,1477.07,87.92,54,70,210,250,330,390,560,570,570,570,570,570
"None","Aggregated","1589924052",2732,0,7.80,0.00,54,107,30,1477.07,87.86,58,210,250,270,430,560,570,620,620,620,620,620
"None","Aggregated","1589924054",2747,0,7.50,0.00,54,107,30,1477.07,87.82,56,82,250,310,440,560,570,620,620,620,620,620
"None","Aggregated","1589924056",2759,0,6.50,0.00,54,108,30,1477.07,87.71,56,84,300,320,440,560,570,620,620,620,620,620
"None","Aggregated","1589924058",2775,0,6.20,0.00,54,108,30,1477.07,87.78,56,84,320,340,440,560,570,620,620,620,620,620
"None","Aggregated","1589924060",2787,0,6.40,0.00,54,108,30,1477.07,87.67,53,78,300,320,430,520,520,620,620,620,620,620
"None","Aggregated","1589924062",2802,0,6.20,0.00,54,108,30,1477.07,87.69,55,64,280,300,380,460,520,520,520,520,520,520
"None","Aggregated","1589924064",2818,0,7.10,0.00,54,108,30,1477.07,87.58,56,74,290,300,380,460,490,520,520,520,520,520
"None","Aggregated","1589924066",2833,0,7.30,0.00,54,108,30,1477.07,87.61,55,74,260,300,370,450,490,520,520,520,520,520
"None","Aggregated","1589924068",2853,0,7.50,0.00,54,108,30,1477.07,87.73,56,74,170,290,340,450,460,490,490,490,490,490
"None","Aggregated","1589924070",2867,0,7.80,0.00,54,109,30,1477.07,87.65,55,69,160,260,340,450,460,530,530,530,530,530
"None","Aggregated","1589924072",2880,0,7.80,0.00,54,109,30,1477.07,87.59,55,74,160,250,340,460,470,530,530,530,530,530
"None","Aggregated","1589924074",2896,0,8.00,0.00,54,109,30,1477.07,87.66,55,63,100,240,340,440,470,530,530,530,530,530
"None","Aggregated","1589924076",2907,0,7.60,0.00,54,109,30,1477.07,87.63,54,70,160,280,390,470,580,650,650,650,650,650
"None","Aggregated","1589924078",2918,0,7.90,0.00,54,109,30,1477.07,87.48,52,70,250,330,440,580,650,660,660,660,660,660
"None","Aggregated","1589924080",2929,0,7.30,0.00,54,110,30,1477.07,87.34,55,77,250,290,440,580,650,660,660,660,660,660
"None","Aggregated","1589924082",2940,0,6.30,0.00,54,110,30,1477.07,87.19,58,150,260,290,420,650,660,690,690,690,690,690
"None","Aggregated","1589924084",2953,0,5.80,0.00,54,110,30,1477.07,87.08,65,240,270,300,390,650,660,690,690,690,690,690
"None","Aggregated","1589924086",2963,0,5.90,0.00,54,110,30,1477.07,87.06,76,240,270,300,420,660,690,690,690,690,690,690
"None","Aggregated","1589924088",2971,0,5.60,0.00,54,111,30,1477.07,87.01,68,240,270,300,500,670,1100,1100,1100,1100,1100,1100
"None","Aggregated","1589924090",2991,0,5.10,0.00,54,111,30,1477.07,87.19,63,84,250,270,370,500,670,1100,1100,1100,1100,1100
"None","Aggregated","1589924092",3006,0,6.00,0.00,54,111,30,1477.07,87.31,60,71,240,270,390,500,670,1100,1100,1100,1100,1100
"None","Aggregated","1589924094",3024,0,6.00,0.00,54,111,30,1477.07,87.29,59,69,84,240,370,460,580,1100,1100,1100,1100,1100
"None","Aggregated","1589924096",3035,0,7.30,0.00,54,111,30,1477.07,87.42,58,66,75,250,400,500,970,1100,1100,1100,1100,1100
"None","Aggregated","1589924098",3050,0,7.50,0.00,54,111,30,1477.07,87.49,53,62,73,220,370,440,580,970,970,970,970,970
"None","Aggregated","1589924100",3066,0,7.50,0.00,54,111,30,1477.07,87.60,53,65,73,220,340,440,460,970,970,970,970,970
"None","Aggregated","1589924102",3081,0,7.70,0.00,54,111,30,1477.07,87.41,55,68,210,250,400,460,590,970,970,970,970,970
"None","Aggregated","1589924104",3100,0,7.50,0.00,54,111,30,1477.07,87.48,54,65,240,260,350,460,590,970,970,970,970,970
"None","Aggregated","1589924106",3115,0,7.40,0.00,54,112,30,1477.07,87.50,55,65,150,250,330,440,480,590,590,590,590,590
"None","Aggregated","1589924108",3132,0,7.60,0.00,54,111,30,1477.07,87.50,56,64,150,250,320,370,480,590,590,590,590,590
"None","Aggregated","1589924110",3150,0,8.20,0.00,54,112,30,1477.07,87.54,55,64,190,220,330,370,470,590,590,590,590,590
"None","Aggregated","1589924112",3165,0,7.90,0.00,54,112,30,1477.07,87.56,51,61,150,220,330,370,470,730,730,730,730,730
"None","Aggregated","1589924114",3182,0,8.60,0.00,54,112,30,1477.07,87.71,55,64,150,220,330,380,470,730,730,730,730,730
"None","Aggregated","1589924116",3197,0,8.40,0.00,54,112,30,1477.07,87.83,54,63,84,210,340,420,620,730,730,730,730,730
"None","Aggregated","1589924118",3214,0,8.50,0.00,54,112,30,1477.07,87.73,55,64,100,210,300,370,620,730,730,730,730,730
"None","Aggregated","1589924120",3230,0,7.90,0.00,54,112,30,1477.07,87.58,56,73,210,220,300,340,420,620,620,620,620,620
"None","Aggregated","1589924122",3246,0,8.00,0.00,54,112,30,1477.07,87.64,57,78,220,250,320,350,420,620,620,620,620,620
"None","Aggregated","1589924124",3264,0,7.90,0.00,54,112,30,1477.07,87.78,54,70,220,240,300,340,620,710,710,710,710,710
"None","Aggregated","1589924126",3271,0,8.10,0.00,54,112,30,1477.07,87.70,53,70,220,240,330,350,540,710,710,710,710,710
"None","Aggregated","1589924128",3282,0,7.40,0.00,54,112,30,1477.07,87.62,55,71,250,280,340,540,710,860,860,860,860,860
"None","Aggregated","1589924130",3291,0,7.00,0.00,54,113,30,1477.07,87.62,61,95,280,320,400,570,710,860,860,860,860,860
"None","Aggregated","1589924132",3304,0,6.30,0.00,54,113,30,1477.07,87.61,61,250,300,340,430,570,710,860,860,860,860,860
"None","Aggregated","1589924134",3320,0,5.70,0.00,54,113,30,1477.07,87.57,67,240,270,300,400,550,570,860,860,860,860,860
"None","Aggregated","1589924136",3331,0,5.70,0.00,54,113,30,1477.07,87.59,62,240,270,300,420,490,550,570,570,570,570,570
"None","Aggregated","1589924138",3342,0,5.70,0.00,54,113,30,1477.07,87.46,62,190,270,340,420,490,550,550,550,550,550,550
"None","Aggregated","1589924140",3358,0,6.20,0.00,54,114,30,1477.07,87.51,60,70,260,340,410,490,550,550,550,550,550,550
"None","Aggregated","1589924142",3371,0,6.60,0.00,54,114,30,1477.07,87.50,56,68,260,340,390,490,550,700,700,700,700,700
"None","Aggregated","1589924144",3381,0,6.30,0.00,54,114,30,1477.07,87.44,53,74,300,350,410,540,550,700,700,700,700,700
"None","Aggregated","1589924146",3398,0,6.40,0.00,54,114,30,1477.07,87.58,55,64,270,310,410,540,700,700,700,700,700,700
"None","Aggregated","1589924148",3413,0,6.60,0.00,54,114,30,1477.07,87.69,53,62,260,290,390,540,700,730,730,730,730,730
"None","Aggregated","1589924150",3434,0,6.80,0.00,54,114,30,1477.07,87.64,53,61,110,260,320,410,700,730,730,730,730,730
"None","Aggregated","1589924152",3456,0,7.70,0.00,54,114,30,1477.07,87.76,53,61,68,220,300,410,700,730,730,730,730,730
"None","Aggregated","1589924154",3470,0,8.30,0.00,54,114,30,1477.07,87.75,52,60,68,210,290,300,490,730,730,730,730,730
"None","Aggregated","1589924156",3481,0,8.40,0.00,54,114,30,1477.07,87.67,52,61,110,210,290,330,490,510,510,510,510,510
"None","Aggregated","1589924158",3502,0,8.40,0.00,54,114,30,1477.07,87.63,55,67,110,220,290,390,490,510,510,510,510,510
"None","Aggregated","1589924160",3523,0,9.00,0.00,54,114,30,1477.07,87.58,56,65,190,220,290,390,490,510,510,510,510,510
"None","Aggregated","1589924162",3535,0,8.60,0.00,54,114,30,1477.07,87.63,56,65,110,220,330,460,510,580,580,580,580,580
"None","Aggregated","1589924164",3547,0,8.60,0.00,54,114,30,1477.07,87.55,57,65,200,250,330,460,470,580,580,580,580,580
"None","Aggregated","1589924166",3558,0,7.70,0.00,54,114,30,1477.07,87.42,60,68,220,260,350,470,540,580,580,580,580,580
"None","Aggregated","1589924168",3566,0,7.60,0.00,54,115,30,1477.07,87.34,60,68,260,320,470,540,580,670,670,670,670,670
"None","Aggregated","1589924170",3577,0,7.20,0.00,54,115,30,1477.07,87.27,67,260,320,340,510,540,670,670,670,670,670,670
"None","Aggregated","1589924172",3593,0,5.90,0.00,54,115,30,1477.07,87.18,64,78,280,340,510,600,670,740,740,740,740,740
"None","Aggregated","1589924174",3606,0,5.50,0.00,54,115,30,1477.07,87.08,60,75,280,340,480,600,670,740,740,740,740,740
"None","Aggregated","1589924176",3619,0,5.70,0.00,54,115,30,1477.07,87.04,60,78,290,320,420,600,670,740,740,740,740,740
"None","Aggregated","1589924178",3627,0,6.00,0.00,54,115,30,1477.07,86.95,58,75,290,320,420,590,600,740,740,740,740,740
"None","Aggregated","1589924180",3639,0,5.90,0.00,54,116,30,1477.07,86.91,57,83,300,340,420,580,590,740,740,740,740,740
"None","Aggregated","1589924182",3656,0,6.50,0.00,54,116,30,1477.07,86.95,56,83,290,340,430,500,580,590,590,590,590,590
"None","Aggregated","1589924184",3670,0,6.70,0.00,54,116,30,1477.07,86.85,57,83,280,340,440,580,590,650,650,650,650,650
"None","Aggregated","1589924186",3684,0,6.10,0.00,54,116,30,1477.07,87.00,57,73,230,300,430,570,590,650,650,650,650,650
"None","Aggregated","1589924188",3708,0,6.70,0.00,54,116,30,1477.07,87.06,57,69,88,230,350,470,570,650,650,650,650,650
"None","Aggregated","1589924190",3720,0,8.00,0.00,54,116,30,1477.07,86.98,55,69,98,230,320,500,570,650,650,650,650,650
"None","Aggregated","1589924192",3733,0,7.90,0.00,54,116,30,1477.07,86.90,57,72,220,260,350,410,510,570,570,570,570,570
"None","Aggregated","1589924194",3756,0,7.60,0.00,54,116,30,1477.07,86.91,57,67,79,230,320,390,470,510,510,510,510,510
"None","Aggregated","1589924196",3766,0,8.10,0.00,54,116,30,1477.07,86.94,61,68,210,250,320,390,510,720,720,720,720,720
"None","Aggregated","1589924198",3773,0,8.20,0.00,54,116,30,1477.07,86.87,65,180,230,290,380,440,540,720,720,720,720,720
"None","Aggregated","1589924200",3786,0,6.50,0.00,54,116,30,1477.07,86.95,65,160,220,270,380,440,540,720,720,720,720,720
"None","Aggregated","1589924202",3798,0,6.50,0.00,54,117,30,1477.07,86.88,65,170,270,290,380,540,550,720,720,720,720,720
"None","Aggregated","1589924204",3811,0,6.40,0.00,54,117,30,1477.07,86.83,91,240,330,340,500,540,720,720,720,720,720,720
"None","Aggregated","1589924206",3830,0,5.60,0.00,54,117,30,1477.07,86.82,55,160,240,290,380,510,540,550,550,550,550,550
"None","Aggregated","1589924208",3850,0,6.10,0.00,54,117,30,1477.07,86.70,53,62,170,240,360,500,520,550,550,550,550,550
"None","Aggregated","1589924210",3867,0,7.70,0.00,54,117,30,1477.07,86.70,54,61,68,230,340,500,520,550,550,550,550,550
"None","Aggregated","1589924212",3882,0,7.90,0.00,54,117,30,1477.07,86.73,55,62,190,240,310,390,510,520,520,520,520,520
"None","Aggregated","1589924214",3897,0,8.40,0.00,54,117,30,1477.07,86.66,56,68,230,240,290,380,510,520,520,520,520,520
"None","Aggregated","1589924216",3912,0,8.60,0.00,54,117,30,1477.07,86.69,54,68,230,250,330,380,450,520,520,520,520,520
"None","Aggregated","1589924218",3924,0,8.00,0.00,54,117,30,1477.07,86.74,54,68,240,260,330,450,520,610,610,610,610,610
"None","Aggregated","1589924220",3937,0,7.20,0.00,54,117,30,1477.07,86.66,54,88,240,260,330,450,550,610,610,610,610,610
"None","Aggregated","1589924222",3953,0,7.30,0.00,54,117,30,1477.07,86.79,55,71,240,260,380,510,550,610,610,610,610,610
"None","Aggregated","1589924224",3973,0,7.10,0.00,54,117,30,1477.07,86.80,52,61,73,240,450,510,580,610,610,610,610,610
"None","Aggregated","1589924226",3989,0,7.20,0.00,54,117,30,1477.07,86.85,55,64,71,240,420,510,580,610,610,610,610,610
"None","Aggregated","1589924228",4005,0,7.80,0.00,54,117,30,1477.07,86.90,52,61,68,220,380,510,580,760,760,760,760,760
"None","Aggregated","1589924230",4025,0,8.00,0.00,54,117,30,1477.07,87.04,51,60,68,75,290,490,580,760,760,760,760,760
"None","Aggregated","1589924232",4032,0,8.40,0.00,54,117,30,1477.07,86.98,51,62,68,230,390,510,760,1000,1000,1000,1000,1000
"None","Aggregated","1589924234",4042,0,7.90,0.00,54,117,30,1477.07,86.96,53,65,83,240,400,480,760,1000,1000,1000,1000,1000
"None","Aggregated","1589924236",4058,0,7.30,0.00,54,118,30,1477.07,87.05,56,68,220,260,440,480,760,1000,1000,1000,1000,1000
"None","Aggregated","1589924238",4072,0,7.10,0.00,54,118,30,1477.07,87.00,59,75,250,270,410,470,490,1000,1000,1000,1000,1000
"None","Aggregated","1589924240",4086,0,7.00,0.00,54,118,30,1477.07,86.91,59,93,270,330,410,470,490,1000,1000,1000,1000,1000
"None","Aggregated","1589924242",4100,0,6.30,0.00,54,118,30,1477.07,87.02,59,70,220,270,410,440,470,490,490,490,490,490
"None","Aggregated","1589924244",4118,0,6.90,0.00,54,118,30,1477.07,87.05,59,70,210,250,370,420,450,490,490,490,490,490
"None","Aggregated","1589924246",4130,0,7.30,0.00,54,118,30,1477.07,86.98,60,73,250,270,370,410,440,490,490,490,490,490
"None","Aggregated","1589924248",4154,0,7.20,0.00,54,118,30,1477.07,87.07,54,69,190,220,350,400,440,460,460,460,460,460
"None","Aggregated","1589924250",4171,0,8.00,0.00,54,118,30,1477.07,87.11,53,64,73,210,350,370,450,460,460,460,460,460
"None","Aggregated","1589924252",4189,0,8.40,0.00,54,118,30,1477.07,87.14,52,64,100,210,330,370,450,460,460,460,460,460
"None","Aggregated","1589924254",4210,0,8.50,0.00,54,118,30,1477.07,87.10,51,60,71,210,300,370,450,460,460,460,460,460
"None","Aggregated","1589924256",4231,0,9.50,0.00,54,117,30,1477.07,87.18,51,60,70,190,230,400,450,460,460,460,460,460
"None","Aggregated","1589924258",4248,0,9.90,0.00,54,117,30,1477.07,87.22,55,64,84,200,270,370,420,440,440,440,440,440
"None","Aggregated","1589924260",4263,0,9.50,0.00,54,118,30,1477.07,87.31,51,63,77,200,290,410,510,700,700,700,700,700
"None","Aggregated","1589924262",4280,0,9.00,0.00,54,117,30,1477.07,87.39,53,63,72,190,280,400,510,700,700,700,700,700
"None","Aggregated","1589924264",4306,0,9.20,0.00,54,117,30,1477.07,87.49,56,62,76,190,280,340,510,700,700,700,700,700
"None","Aggregated","1589924266",4327,0,9.40,0.00,54,117,30,1477.07,87.65,54,62,72,190,280,340,510,700,700,700,700,700
"None","Aggregated","1589924268",4346,0,9.20,0.00,54,117,30,1477.07,87.66,54,62,70,79,270,340,700,800,800,800,800,800
"None","Aggregated","1589924270",4360,0,9.60,0.00,54,117,30,1477.07,87.65,56,62,72,82,260,340,700,800,800,800,800,800
"None","Aggregated","1589924272",4377,0,10.00,0.00,54,117,30,1477.07,87.68,56,63,70,82,260,350,700,800,800,800,800,800
"None","Aggregated","1589924274",4388,0,9.60,0.00,54,117,30,1477.07,87.62,57,66,77,200,350,480,700,800,800,800,800,800
"None","Aggregated","1589924276",4404,0,8.20,0.00,54,117,30,1477.07,87.70,56,67,78,240,370,520,700,800,800,800,800,800
"None","Aggregated","1589924278",4424,0,7.80,0.00,54,117,30,1477.07,87.86,55,68,82,250,370,480,580,700,700,700,700,700
"None","Aggregated","1589924280",4439,0,8.00,0.00,54,117,30,1477.07,87.92,55,68,100,250,320,470,520,580,580,580,580,580
"None","Aggregated","1589924282",4458,0,8.10,0.00,54,117,30,1477.07,87.97,56,66,100,270,320,390,520,580,580,580,580,580
"None","Aggregated","1589924284",4472,0,8.10,0.00,54,117,30,1477.07,87.95,56,65,85,250,320,470,520,630,630,630,630,630
"None","Aggregated","1589924286",4488,0,8.40,0.00,54,117,30,1477.07,88.00,56,66,89,250,320,450,520,630,630,630,630,630
"None","Aggregated","1589924288",4504,0,8.40,0.00,54,117,30,1477.07,88.07,60,68,230,260,320,410,520,630,630,630,630,630
"None","Aggregated","1589924290",4524,0,7.60,0.00,54,117,30,1477.07,88.08,57,66,89,230,320,400,450,630,630,630,630,630
"None","Aggregated","1589924292",4545,0,8.00,0.00,54,117,30,1477.07,88.07,56,68,89,230,320,400,450,630,630,630,630,630
"None","Aggregated","1589924294",4560,0,8.40,0.00,54,117,30,1477.07,88.08,56,68,84,220,340,400,450,490,490,490,490,490
"None","Aggregated","1589924296",4581,0,8.70,0.00,54,117,30,1477.07,88.26,55,60,72,180,340,400,490,520,520,520,520,520
"None","Aggregated","1589924298",4601,0,8.90,0.00,54,117,30,1477.07,88.30,55,63,72,180,280,390,490,520,520,520,520,520
"None","Aggregated","1589924300",4613,0,9.50,0.00,54,117,30,1477.07,88.31,56,63,72,200,340,390,520,720,720,720,720,720
"None","Aggregated","1589924302",4631,0,8.80,0.00,54,117,30,1477.07,88.47,55,63,67,200,310,460,520,720,720,720,720,720
"None","Aggregated","1589924304",4642,0,8.80,0.00,54,117,30,1477.07,88.48,55,63,68,200,280,460,720,1000,1000,1000,1000,1000
"None","Aggregated","1589924306",4656,0,8.20,0.00,54,117,30,1477.07,88.43,55,64,80,230,310,480,720,1000,1000,1000,1000,1000
"None","Aggregated","1589924308",4668,0,8.00,0.00,54,118,30,1477.07,88.36,55,66,220,270,400,490,720,1000,1000,1000,1000,1000
"None","Aggregated","1589924310",4679,0,7.00,0.00,54,118,30,1477.07,88.38,55,66,240,280,400,480,630,1000,1000,1000,1000,1000
"None","Aggregated","1589924312",4693,0,7.20,0.00,54,118,30,1477.07,88.37,55,67,270,330,470,550,630,1000,1000,1000,1000,1000
"None","Aggregated","1589924314",4710,0,6.40,0.00,54,118,30,1477.07,88.39,53,66,250,290,440,540,580,630,630,630,630,630
"None","Aggregated","1589924316",4726,0,6.40,0.00,54,118,30,1477.07,88.36,53,63,250,290,420,470,550,580,580,580,580,580
"None","Aggregated","1589924318",4740,0,7.00,0.00,54,118,30,1477.07,88.38,54,70,87,270,420,470,550,580,580,580,580,580
"None","Aggregated","1589924320",4755,0,7.50,0.00,54,118,30,1477.07,88.32,56,72,230,260,350,450,570,580,580,580,580,580
"None","Aggregated","1589924322",4774,0,7.30,0.00,54,118,30,1477.07,88.37,56,72,160,250,350,420,570,580,580,580,580,580
"None","Aggregated","1589924324",4790,0,8.00,0.00,54,118,30,1477.07,88.27,56,75,190,230,350,420,500,570,570,570,570,570
"None","Aggregated","1589924326",4807,0,8.10,0.00,54,118,30,1477.07,88.33,56,85,200,230,350,440,500,570,570,570,570,570
"None","Aggregated","1589924328",4824,0,8.00,0.00,54,118,30,1477.07,88.26,53,72,200,230,290,380,440,500,500,500,500,500
"None","Aggregated","1589924330",4841,0,8.10,0.00,54,118,30,1477.07,88.29,55,72,160,210,270,410,440,500,500,500,500,500
"None","Aggregated","1589924332",4856,0,8.60,0.00,54,118,30,1477.07,88.23,60,72,190,220,300,410,440,500,500,500,500,500
"None","Aggregated","1589924334",4873,0,8.20,0.00,54,118,30,1477.07,88.16,60,87,210,240,320,420,430,440,440,440,440,440
"None","Aggregated","1589924336",4885,0,8.70,0.00,55,118,30,1477.07,88.06,61,79,210,240,320,420,480,560,560,560,560,560
"None","Aggregated","1589924338",4903,0,8.20,0.00,55,118,30,1477.07,87.98,60,72,190,220,320,420,480,560,560,560,560,560
"None","Aggregated","1589924340",4914,0,7.70,0.00,55,118,30,1477.07,87.93,59,69,220,250,350,420,480,560,560,560,560,560
"None","Aggregated","1589924342",4928,0,7.50,0.00,55,118,30,1477.07,87.91,59,69,230,260,390,480,520,560,560,560,560,560
"None","Aggregated","1589924344",4939,0,7.20,0.00,55,118,30,1477.07,87.86,60,70,260,290,400,480,520,560,560,560,560,560
"None","Aggregated","1589924346",4957,0,6.80,0.00,55,118,30,1477.07,87.85,59,66,230,290,470,480,520,560,560,560,560,560
"None","Aggregated","1589924348",4971,0,6.70,0.00,55,118,30,1477.07,87.84,58,69,230,320,420,470,520,560,560,560,560,560
"None","Aggregated","1589924350",4990,0,6.70,0.00,55,118,30,1477.07,87.85,55,69,98,290,390,470,490,560,560,560,560,560
"None","Aggregated","1589924352",5007,0,7.30,0.00,55,118,30,1477.07,87.85,55,66,98,230,390,470,520,560,560,560,560,560
"None","Aggregated","1589924354",5022,0,7.50,0.00,55,118,30,1477.07,87.83,56,62,98,230,360,470,510,520,520,520,520,520
"None","Aggregated","1589924356",5038,0,7.90,0.00,55,118,30,1477.07,87.93,55,62,170,230,330,410,520,550,550,550,550,550
"None","Aggregated","1589924358",5056,0,8.40,0.00,55,118,30,1477.07,87.96,54,62,79,230,320,410,520,550,550,550,550,550
"None","Aggregated","1589924360",5075,0,8.70,0.00,55,118,30,1477.07,88.07,55,62,73,230,340,410,520,550,550,550,550,550
"None","Aggregated","1589924362",5093,0,8.10,0.00,55,118,30,1477.07,88.02,55,65,160,220,340,370,510,550,550,550,550,550
"None","Aggregated","1589924364",5110,0,8.70,0.00,55,118,30,1477.07,88.08,55,65,73,180,340,410,500,550,550,550,550,550
"None","Aggregated","1589924366",5129,0,8.30,0.00,55,118,30,1477.07,88.06,57,67,100,180,340,340,490,500,500,500,500,500
"None","Aggregated","1589924368",5149,0,8.80,0.00,55,118,30,1477.07,88.10,56,65,100,180,300,340,420,500,500,500,500,500
"None","Aggregated","1589924370",5161,0,9.10,0.00,55,118,30,1477.07,88.07,57,72,120,220,300,340,470,500,500,500,500,500
"None","Aggregated","1589924372",5172,0,9.00,0.00,55,118,30,1477.07,88.06,59,90,180,240,330,450,470,500,500,500,500,500
"None","Aggregated","1589924374",5188,0,8.30,0.00,55,118,30,1477.07,88.12,60,96,200,250,330,440,460,470,470,470,470,470
"None","Aggregated","1589924376",5208,0,8.30,0.00,55,118,30,1477.07,88.16,54,67,130,250,340,450,470,580,580,580,580,580
"None","Aggregated","1589924378",5226,0,7.60,0.00,55,118,30,1477.07,88.24,55,89,150,250,390,460,470,580,580,580,580,580
"None","Aggregated","1589924380",5246,0,7.60,0.00,55,118,30,1477.07,88.31,53,60,100,190,330,440,460,580,580,580,580,580
"None","Aggregated","1589924382",5257,0,8.40,0.00,55,118,30,1477.07,88.29,53,60,89,190,330,400,620,720,720,720,720,720
"None","Aggregated","1589924384",5268,0,8.20,0.00,55,119,30,1477.07,88.27,54,63,110,260,330,460,620,720,720,720,720,720
"None","Aggregated","1589924386",5283,0,8.10,0.00,55,119,30,1477.07,88.25,56,75,110,260,310,460,620,720,720,720,720,720
"None","Aggregated","1589924388",5297,0,8.00,0.00,55,119,30,1477.07,88.27,57,76,110,270,330,530,720,960,960,960,960,960
"None","Aggregated","1589924390",5308,0,7.20,0.00,55,119,30,1477.07,88.31,63,88,260,300,450,620,720,960,960,960,960,960
"None","Aggregated","1589924392",5318,0,6.00,0.00,55,119,30,1477.07,88.33,62,110,260,300,450,510,640,960,960,960,960,960
"None","Aggregated","1589924394",5332,0,6.10,0.00,55,119,28,1477.07,88.35,60,100,220,260,410,510,640,960,960,960,960,960
"None","Aggregated","1589924397",5354,0,6.60,0.00,55,119,28,1477.07,88.46,58,84,180,230,410,490,570,640,640,640,640,640
"None","Aggregated","1589924399",5368,0,6.80,0.00,55,119,28,1477.07,88.42,54,84,160,220,410,450,570,600,600,600,600,600
"None","Aggregated","1589924401",5385,0,7.10,0.00,55,119,28,1477.07,88.45,55,75,190,220,300,450,570,600,600,600,600,600
"None","Aggregated","1589924403",5399,0,7.70,0.00,55,119,28,1477.07,88.49,59,93,190,220,380,410,570,600,600,600,600,600
"None","Aggregated","1589924405",5419,0,8.00,0.00,55,119,28,1477.07,88.58,59,74,190,220,330,400,450,600,600,600,600,600
"None","Aggregated","1589924407",5435,0,8.00,0.00,55,119,28,1477.07,88.50,55,72,190,230,330,400,450,570,570,570,570,570
"None","Aggregated","1589924409",5449,0,8.10,0.00,55,119,28,1477.07,88.52,58,93,210,240,340,400,500,570,570,570,570,570
"None","Aggregated","1589924411",5469,0,8.00,0.00,55,119,28,1477.07,88.64,55,68,100,220,330,400,500,570,570,570,570,570
"None","Aggregated","1589924413",5487,0,8.40,0.00,55,119,28,1477.07,88.62,57,68,100,220,300,370,500,570,570,570,570,570
"None","Aggregated","1589924415",5511,0,8.70,0.00,55,119,28,1477.07,88.77,57,65,81,200,260,310,500,570,570,570,570,570
"None","Aggregated","1589924417",5530,0,9.30,0.00,55,119,28,1477.07,88.78,55,63,76,200,270,310,500,600,600,600,600,600
"None","Aggregated","1589924419",5538,0,8.90,0.00,55,119,28,1477.07,88.72,55,61,71,210,270,500,600,880,880,880,880,880
"None","Aggregated","1589924421",5557,0,9.00,0.00,55,119,28,1477.07,88.70,54,61,72,200,270,530,600,880,880,880,880,880
"None","Aggregated","1589924423",5573,0,9.20,0.00,55,119,28,1477.07,88.67,54,59,76,220,300,530,600,880,880,880,880,880
"None","Aggregated","1589924425",5590,0,8.80,0.00,55,119,28,1477.07,88.75,54,59,70,220,340,530,550,880,880,880,880,880
"None","Aggregated","1589924427",5606,0,7.90,0.00,55,119,28,1477.07,88.73,54,61,80,260,350,460,540,550,550,550,550,550
"None","Aggregated","1589924429",5619,0,7.50,0.00,55,119,28,1477.07,88.69,54,66,260,280,440,460,530,540,540,540,540,540
"None","Aggregated","1589924431",5629,0,7.90,0.00,55,119,28,1477.07,88.63,57,70,260,300,430,450,540,540,540,540,540,540
"None","Aggregated","1589924433",5647,0,7.20,0.00,55,119,28,1477.07,88.61,58,75,260,320,430,460,540,540,540,540,540,540
"None","Aggregated","1589924435",5673,0,7.20,0.00,55,119,28,1477.07,88.69,55,66,80,290,370,450,510,540,540,540,540,540
"None","Aggregated","1589924437",5690,0,8.20,0.00,55,119,28,1477.07,88.71,55,66,79,270,340,420,510,540,540,540,540,540
"None","Aggregated","1589924439",5703,0,8.30,0.00,55,119,28,1477.07,88.71,56,65,89,270,330,370,510,550,550,550,550,550
"None","Aggregated","1589924441",5719,0,8.40,0.00,55,119,28,1477.07,88.71,55,62,75,240,290,330,520,550,550,550,550,550
"None","Aggregated","1589924443",5733,0,8.80,0.00,55,119,28,1477.07,88.67,58,66,210,270,290,340,520,550,550,550,550,550
"None","Aggregated","1589924445",5749,0,8.70,0.00,55,119,28,1477.07,88.61,59,70,240,280,310,460,520,550,550,550,550,550
"None","Aggregated","1589924447",5764,0,7.50,0.00,55,119,28,1477.07,88.60,58,94,240,270,320,460,520,550,550,550,550,550
"None","Aggregated","1589924449",5778,0,7.30,0.00,55,119,28,1477.07,88.55,59,79,240,270,310,440,500,520,520,520,520,520
"None","Aggregated","1589924451",5791,0,7.60,0.00,55,119,28,1477.07,88.55,60,84,240,280,360,440,490,500,500,500,500,500
"None","Aggregated","1589924453",5805,0,7.40,0.00,55,119,28,1477.07,88.54,64,100,240,280,370,440,460,490,490,490,490,490
"None","Aggregated","1589924455",5817,0,7.20,0.00,55,119,28,1477.07,88.57,63,85,240,280,350,430,490,1000,1000,1000,1000,1000
"None","Aggregated","1589924457",5832,0,6.70,0.00,55,119,28,1477.07,88.58,57,85,230,260,380,490,560,1000,1000,1000,1000,1000
"None","Aggregated","1589924459",5847,0,6.80,0.00,55,119,28,1477.07,88.62,56,73,230,290,420,490,560,1000,1000,1000,1000,1000
"None","Aggregated","1589924461",5864,0,7.00,0.00,55,119,28,1477.07,88.67,52,63,87,230,420,430,560,1000,1000,1000,1000,1000
"None","Aggregated","1589924463",5879,0,7.40,0.00,55,120,28,1477.07,88.62,52,62,88,250,420,540,560,1000,1000,1000,1000,1000
"None","Aggregated","1589924465",5891,0,7.10,0.00,55,120,28,1477.07,88.54,52,65,230,260,420,430,540,560,560,560,560,560
"None","Aggregated","1589924467",5902,0,7.50,0.00,55,120,28,1477.07,88.47,55,72,270,320,420,430,540,560,560,560,560,560
"None","Aggregated","1589924469",5915,0,7.10,0.00,55,120,28,1477.07,88.41,56,220,270,350,420,460,540,560,560,560,560,560
"None","Aggregated","1589924471",5938,0,6.70,0.00,55,120,28,1477.07,88.59,55,70,260,290,380,420,460,560,560,560,560,560
"None","Aggregated","1589924473",5966,0,7.10,0.00,55,119,28,1477.07,88.84,52,62,73,220,330,380,440,460,460,460,460,460
"None","Aggregated","1589924475",5981,0,7.70,0.00,55,119,28,1477.07,88.83,52,59,72,80,330,380,440,460,460,460,460,460
"None","Aggregated","1589924477",5995,0,9.20,0.00,55,120,28,1477.07,88.82,52,59,73,190,320,380,440,440,440,440,440,440
"None","Aggregated","1589924479",6011,0,9.40,0.00,55,120,28,1477.07,88.71,52,60,70,190,290,360,410,440,440,440,440,440
"None","Aggregated","1589924481",6022,0,9.70,0.00,55,120,28,1477.07,88.64,54,62,190,240,360,410,440,480,480,480,480,480
"None","Aggregated","1589924483",6035,0,8.50,0.00,55,120,28,1477.07,88.60,55,65,250,280,400,440,480,690,690,690,690,690
"None","Aggregated","1589924485",6050,0,7.00,0.00,55,120,28,1477.07,88.62,55,70,250,300,410,440,480,690,690,690,690,690
"None","Aggregated","1589924487",6062,0,6.60,0.00,55,120,28,1477.07,88.65,58,69,250,300,440,450,620,690,690,690,690,690
"None","Aggregated","1589924489",6070,0,6.70,0.00,55,120,28,1477.07,88.59,59,71,290,340,440,480,620,690,690,690,690,690
"None","Aggregated","1589924491",6090,0,6.00,0.00,55,120,28,1477.07,88.68,59,69,280,320,450,570,620,690,690,690,690,690
"None","Aggregated","1589924493",6106,0,6.80,0.00,55,120,28,1477.07,88.68,58,67,230,290,440,530,620,670,670,670,670,670
"None","Aggregated","1589924495",6114,0,6.70,0.00,55,120,28,1477.07,88.66,58,69,260,300,450,570,570,670,670,670,670,670
"None","Aggregated","1589924497",6126,0,6.70,0.00,55,120,28,1477.07,88.69,58,77,260,300,480,570,670,740,740,740,740,740
"None","Aggregated","1589924499",6135,0,6.40,0.00,55,120,28,1477.07,88.79,71,180,200,290,390,570,670,740,740,740,740,740
"None","Aggregated","1589924501",6146,0,6.30,0.00,55,120,28,1477.07,88.85,180,180,200,290,390,570,740,740,740,740,740,740
"None","Aggregated","1589924503",6164,0,5.80,0.00,55,120,28,1477.07,88.87,160,180,190,250,390,540,570,740,740,740,740,740
"None","Aggregated","1589924505",6179,0,5.70,0.00,55,120,28,1477.07,88.88,160,180,200,250,390,450,470,540,540,540,540,540
"None","Aggregated","1589924507",6194,0,6.40,0.00,55,121,28,1477.07,88.89,68,180,180,250,320,450,520,540,540,540,540,540
"None","Aggregated","1589924509",6207,0,6.80,0.00,55,121,28,1477.07,88.85,60,92,230,270,330,450,470,520,520,520,520,520
"None","Aggregated","1589924511",6222,0,7.20,0.00,55,121,28,1477.07,88.86,57,71,230,290,360,460,490,520,520,520,520,520
"None","Aggregated","1589924513",6239,0,7.50,0.00,55,121,28,1477.07,88.85,58,71,200,270,350,450,490,520,520,520,520,520
"None","Aggregated","1589924515",6256,0,7.70,0.00,55,121,28,1477.07,88.82,58,70,200,240,360,470,490,520,520,520,520,520
"None","Aggregated","1589924517",6272,0,7.30,0.00,55,121,28,1477.07,88.83,58,71,210,240,350,460,470,490,490,490,490,490
"None","Aggregated","1589924519",6288,0,7.80,0.00,55,121,28,1477.07,88.80,55,65,73,240,400,470,480,490,490,490,490,490
"None","Aggregated","1589924521",6303,0,7.90,0.00,55,121,28,1477.07,88.78,55,65,120,250,350,470,470,480,480,480,480,480
"None","Aggregated","1589924523",6318,0,8.00,0.00,55,121,28,1477.07,88.74,55,67,120,250,390,450,470,480,480,480,480,480
"None","Aggregated","1589924525",6335,0,7.90,0.00,55,121,28,1477.07,88.84,54,64,200,220,330,450,470,480,480,480,480,480
"None","Aggregated","1589924527",6350,0,7.90,0.00,55,121,28,1477.07,88.84,54,58,120,240,330,450,470,480,480,480,480,480
"None","Aggregated","1589924529",6367,0,8.00,0.00,55,121,28,1477.07,88.86,54,66,220,260,370,450,470,530,530,530,530,530
"None","Aggregated","1589924531",6380,0,8.10,0.00,55,121,28,1477.07,88.86,56,69,200,260,370,440,470,530,530,530,530,530
"None","Aggregated","1589924533",6397,0,7.90,0.00,55,121,28,1477.07,88.85,56,71,96,280,370,460,530,720,720,720,720,720
"None","Aggregated","1589924535",6413,0,7.70,0.00,55,121,28,1477.07,88.91,57,77,180,270,350,400,530,720,720,720,720,720
"None","Aggregated","1589924537",6425,0,7.30,0.00,55,121,28,1477.07,88.86,63,83,190,270,370,400,450,720,720,720,720,720
"None","Aggregated","1589924539",6445,0,7.10,0.00,55,121,28,1477.07,88.88,55,69,180,270,370,430,450,720,720,720,720,720
"None","Aggregated","1589924541",6461,0,7.40,0.00,55,121,28,1477.07,88.96,55,66,110,270,360,430,450,500,500,500,500,500
"None","Aggregated","1589924543",6477,0,7.70,0.00,55,121,28,1477.07,88.94,56,65,190,270,350,440,450,500,500,500,500,500
"None","Aggregated","1589924545",6492,0,8.20,0.00,55,121,28,1477.07,88.95,57,66,76,270,330,440,500,580,580,580,580,580
"None","Aggregated","1589924547",6509,0,8.10,0.00,55,121,28,1477.07,88.96,60,67,96,190,320,440,580,680,680,680,680,680
"None","Aggregated","1589924549",6521,0,8.50,0.00,55,121,28,1477.07,88.92,61,90,190,280,350,500,620,680,680,680,680,680
"None","Aggregated","1589924551",6530,0,7.70,0.00,55,121,28,1477.07,88.89,57,90,120,290,370,580,680,750,750,750,750,750
"None","Aggregated","1589924553",6550,0,7.10,0.00,55,121,28,1477.07,88.91,58,88,98,240,370,580,680,750,750,750,750,750
"None","Aggregated","1589924555",6563,0,7.00,0.00,55,121,28,1477.07,88.86,57,90,130,240,350,490,620,750,750,750,750,750
"None","Aggregated","1589924557",6580,0,7.30,0.00,55,121,28,1477.07,88.87,55,63,240,270,380,490,620,750,750,750,750,750
"None","Aggregated","1589924559",6592,0,7.00,0.00,55,121,28,1477.07,88.83,55,63,240,280,380,490,520,750,750,750,750,750
"None","Aggregated","1589924561",6602,0,7.30,0.00,55,121,28,1477.07,88.82,55,64,250,280,380,480,490,560,560,560,560,560
"None","Aggregated","1589924563",6622,0,7.40,0.00,55,121,28,1477.07,88.82,55,61,240,270,390,490,490,560,560,560,560,560
"None","Aggregated","1589924565",6635,0,7.20,0.00,55,121,28,1477.07,88.79,55,63,250,260,370,490,490,560,560,560,560,560
"None","Aggregated","1589924567",6647,0,7.10,0.00,55,121,28,1477.07,88.82,56,83,250,280,430,490,490,560,560,560,560,560
"None","Aggregated","1589924569",6659,0,6.90,0.00,55,121,28,1477.07,88.80,56,110,260,280,440,490,500,560,560,560,560,560
"None","Aggregated","1589924571",6674,0,6.60,0.00,55,121,28,1477.07,88.80,56,85,250,280,420,450,490,500,500,500,500,500
"None","Aggregated","1589924573",6685,0,6.80,0.00,55,121,28,1477.07,88.79,65,210,260,280,440,480,500,510,510,510,510,510
"None","Aggregated","1589924575",6702,0,6.70,0.00,55,122,28,1477.07,88.76,58,110,230,270,440,460,500,510,510,510,510,510
"None","Aggregated","1589924577",6717,0,6.40,0.00,55,122,28,1477.07,88.79,57,81,230,270,420,460,500,510,510,510,510,510
"None","Aggregated","1589924579",6735,0,6.80,0.00,55,121,28,1477.07,88.80,51,65,210,230,400,450,480,510,510,510,510,510
"None","Aggregated","1589924581",6753,0,7.70,0.00,55,121,28,1477.07,88.79,50,69,210,240,350,430,450,460,460,460,460,460
"None","Aggregated","1589924583",6770,0,8.00,0.00,55,121,28,1477.07,88.79,50,69,100,230,300,390,450,610,610,610,610,610
"None","Aggregated","1589924585",6793,0,8.10,0.00,55,121,28,1477.07,88.86,53,69,93,200,300,350,450,610,610,610,610,610
"None","Aggregated","1589924587",6809,0,8.90,0.00,55,121,28,1477.07,88.91,53,69,93,200,280,340,450,610,610,610,610,610
"None","Aggregated","1589924589",6821,0,9.00,0.00,55,121,28,1477.07,88.84,58,72,110,230,300,410,580,610,610,610,610,610
"None","Aggregated","1589924591",6835,0,8.60,0.00,55,121,28,1477.07,88.83,61,75,190,230,300,440,460,580,580,580,580,580
"None","Aggregated","1589924593",6850,0,8.10,0.00,55,122,28,1477.07,88.84,60,69,200,240,300,440,460,580,580,580,580,580
"None","Aggregated","1589924595",6860,0,7.90,0.00,55,122,28,1477.07,88.81,63,140,250,280,410,450,550,580,580,580,580,580
"None","Aggregated","1589924597",6881,0,7.30,0.00,55,122,28,1477.07,88.85,61,78,230,260,360,420,460,550,550,550,550,550
"None","Aggregated","1589924599",6899,0,6.80,0.00,55,122,28,1477.07,88.85,58,68,210,240,360,440,530,550,550,550,550,550
"None","Aggregated","1589924601",6913,0,7.70,0.00,55,122,28,1477.07,88.81,56,67,210,230,360,420,530,550,550,550,550,550
"None","Aggregated","1589924603",6923,0,7.90,0.00,55,122,28,1477.07,88.80,55,67,210,230,360,400,530,550,550,550,550,550
"None","Aggregated","1589924605",6938,0,8.00,0.00,55,122,28,1477.07,88.78,54,62,74,230,370,400,530,920,920,920,920,920
"None","Aggregated","1589924607",6950,0,7.40,0.00,55,122,28,1477.07,88.79,55,67,220,330,400,510,560,920,920,920,920,920
"None","Aggregated","1589924609",6966,0,7.20,0.00,55,122,28,1477.07,88.76,58,66,240,360,400,500,560,920,920,920,920,920
"None","Aggregated","1589924611",6980,0,6.80,0.00,55,122,28,1477.07,88.78,53,68,240,310,400,490,560,920,920,920,920,920
"None","Aggregated","1589924613",6990,0,6.90,0.00,55,122,28,1477.07,88.74,53,68,240,310,430,490,560,790,790,790,790,790
"None","Aggregated","1589924615",7008,0,6.10,0.00,55,122,28,1477.07,88.81,53,68,200,280,410,480,500,790,790,790,790,790
"None","Aggregated","1589924617",7023,0,6.90,0.00,55,122,28,1477.07,88.81,53,66,200,300,410,480,570,790,790,790,790,790
"None","Aggregated","1589924619",7048,0,7.50,0.00,55,122,28,1477.07,88.90,52,60,82,260,330,470,570,790,790,790,790,790
"None","Aggregated","1589924621",7065,0,7.90,0.00,55,122,28,1477.07,88.92,52,60,79,210,310,340,570,790,790,790,790,790
"None","Aggregated","1589924623",7085,0,8.30,0.00,55,122,28,1477.07,88.99,55,62,81,200,280,330,450,570,570,570,570,570
"None","Aggregated","1589924625",7097,0,9.60,0.00,55,122,28,1477.07,88.99,53,62,79,220,330,390,450,570,570,570,570,570
"None","Aggregated","1589924627",7115,0,9.10,0.00,55,122,28,1477.07,89.05,53,60,81,210,330,390,440,450,450,450,450,450
"None","Aggregated","1589924629",7127,0,9.50,0.00,55,122,28,1477.07,89.03,56,72,210,260,370,430,450,460,460,460,460,460
"None","Aggregated","1589924631",7148,0,8.10,0.00,55,122,28,1477.07,89.07,55,67,89,260,390,430,460,460,460,460,460,460
"None","Aggregated","1589924633",7165,0,8.50,0.00,55,122,28,1477.07,89.05,52,68,210,240,390,430,460,460,460,460,460,460
"None","Aggregated","1589924635",7178,0,8.10,0.00,55,122,28,1477.07,89.04,52,60,190,240,370,440,460,470,470,470,470,470
"None","Aggregated","1589924637",7191,0,8.10,0.00,55,122,28,1477.07,89.08,53,68,220,250,400,460,490,520,520,520,520,520
"None","Aggregated","1589924639",7202,0,7.20,0.00,55,122,28,1477.07,89.07,55,68,220,250,400,460,490,520,520,520,520,520
"None","Aggregated","1589924641",7218,0,7.70,0.00,55,122,28,1477.07,89.07,58,86,240,260,410,420,490,520,520,520,520,520
"None","Aggregated","1589924643",7229,0,7.00,0.00,55,122,28,1477.07,89.08,62,86,250,310,410,420,520,840,840,840,840,840
"None","Aggregated","1589924645",7237,0,6.50,0.00,55,122,28,1477.07,89.05,62,86,290,330,460,540,720,840,840,840,840,840
"None","Aggregated","1589924647",7260,0,5.90,0.00,55,122,28,1477.07,89.13,54,67,180,260,420,460,720,840,840,840,840,840
"None","Aggregated","1589924649",7277,0,6.40,0.00,55,122,28,1477.07,89.19,53,63,86,280,420,460,720,840,840,840,840,840
"None","Aggregated","1589924651",7299,0,7.20,0.00,55,122,28,1477.07,89.18,51,59,67,280,340,460,720,840,840,840,840,840
"None","Aggregated","1589924653",7315,0,7.70,0.00,55,122,28,1477.07,89.18,51,55,65,240,330,420,540,720,720,720,720,720
"None","Aggregated","1589924655",7327,0,8.40,0.00,55,122,28,1477.07,89.16,51,59,69,240,300,400,440,440,440,440,440,440
"None","Aggregated","1589924657",7348,0,9.10,0.00,55,122,28,1477.07,89.20,52,60,71,250,300,350,440,440,440,440,440,440
"None","Aggregated","1589924659",7363,0,9.30,0.00,55,122,28,1477.07,89.21,52,62,170,270,300,350,440,560,560,560,560,560
"None","Aggregated","1589924661",7378,0,8.60,0.00,55,122,28,1477.07,89.24,53,63,240,270,330,440,520,560,560,560,560,560
"None","Aggregated","1589924663",7393,0,8.10,0.00,55,122,28,1477.07,89.33,54,69,170,260,310,440,520,560,560,560,560,560
"None","Aggregated","1589924665",7408,0,7.90,0.00,55,122,28,1477.07,89.29,53,67,180,260,310,470,520,560,560,560,560,560
"None","Aggregated","1589924667",7420,0,8.00,0.00,55,122,28,1477.07,89.27,53,72,210,280,390,480,550,560,560,560,560,560
"None","Aggregated","1589924669",7432,0,7.40,0.00,55,122,28,1477.07,89.27,57,80,240,280,390,490,520,550,550,550,550,550
"None","Aggregated","1589924671",7452,0,7.00,0.00,55,122,28,1477.07,89.32,53,72,200,280,390,480,510,550,550,550,550,550
"None","Aggregated","1589924673",7465,0,7.20,0.00,55,122,28,1477.07,89.29,52,70,270,290,390,490,550,550,550,550,550,550
"None","Aggregated","1589924675",7480,0,7.10,0.00,55,122,28,1477.07,89.28,53,68,250,280,350,470,510,550,550,550,550,550
"None","Aggregated","1589924677",7497,0,7.30,0.00,55,122,28,1477.07,89.34,56,70,240,280,320,470,500,550,550,550,550,550
"None","Aggregated","1589924679",7509,0,7.30,0.00,55,122,28,1477.07,89.31,54,68,230,280,370,470,550,580,580,580,580,580
"None","Aggregated","1589924681",7520,0,7.40,0.00,55,122,28,1477.07,89.34,56,70,230,270,370,430,550,580,580,580,580,580
"None","Aggregated","1589924683",7539,0,7.50,0.00,55,122,28,1477.07,89.37,56,67,97,260,290,430,580,1200,1200,1200,1200,1200
"None","Aggregated","1589924685",7559,0,7.10,0.00,55,122,28,1477.07,89.44,54,65,93,260,320,430,580,1200,1200,1200,1200,1200
"None","Aggregated","1589924687",7572,0,7.30,0.00,55,122,28,1477.07,89.43,53,65,93,280,330,430,580,1200,1200,1200,1200,1200
"None","Aggregated","1589924689",7592,0,7.90,0.00,55,122,28,1477.07,89.39,53,65,93,230,310,410,450,1200,1200,1200,1200,1200
"None","Aggregated","1589924691",7610,0,8.30,0.00,55,122,28,1477.07,89.47,53,65,97,220,310,380,430,450,450,450,450,450
"None","Aggregated","1589924693",7625,0,8.20,0.00,55,122,28,1477.07,89.45,53,65,97,230,320,380,430,450,450,450,450,450
"None","Aggregated","1589924695",7644,0,9.00,0.00,55,122,28,1477.07,89.44,53,67,120,230,320,330,450,470,470,470,470,470
"None","Aggregated","1589924697",7666,0,8.80,0.00,55,122,28,1477.07,89.51,54,65,85,220,320,350,430,470,470,470,470,470
"None","Aggregated","1589924699",7681,0,9.00,0.00,55,122,28,1477.07,89.56,53,66,85,230,320,380,470,560,560,560,560,560
"None","Aggregated","1589924701",7699,0,9.00,0.00,55,122,28,1477.07,89.54,53,65,84,230,320,360,470,560,560,560,560,560
"None","Aggregated","1589924703",7716,0,9.20,0.00,55,122,28,1477.07,89.56,51,61,81,230,300,360,470,560,560,560,560,560
"None","Aggregated","1589924705",7735,0,8.80,0.00,55,122,28,1477.07,89.56,53,68,83,230,300,360,470,560,560,560,560,560
"None","Aggregated","1589924707",7747,0,8.90,0.00,55,122,28,1477.07,89.57,51,68,100,240,340,410,470,560,560,560,560,560
"None","Aggregated","1589924709",7760,0,8.30,0.00,55,122,28,1477.07,89.54,52,67,100,240,340,410,470,470,470,470,470,470
"None","Aggregated","1589924711",7779,0,8.00,0.00,55,122,28,1477.07,89.54,51,64,100,240,370,410,470,670,670,670,670,670
"None","Aggregated","1589924713",7792,0,8.20,0.00,55,122,28,1477.07,89.50,51,66,180,250,380,450,540,670,670,670,670,670
"None","Aggregated","1589924715",7802,0,7.80,0.00,55,122,28,1477.07,89.45,52,72,240,320,400,500,540,670,670,670,670,670
"None","Aggregated","1589924717",7809,0,7.20,0.00,55,122,28,1477.07,89.41,57,99,290,320,500,540,670,690,690,690,690,690
"None","Aggregated","1589924719",7824,0,6.60,0.00,55,122,28,1477.07,89.33,54,75,240,310,480,540,550,690,690,690,690,690
"None","Aggregated","1589924721",7845,0,6.10,0.00,55,122,28,1477.07,89.43,56,76,240,300,480,540,550,690,690,690,690,690
"None","Aggregated","1589924723",7863,0,5.70,0.00,55,122,28,1477.07,89.51,53,74,240,260,430,500,550,690,690,690,690,690
"None","Aggregated","1589924725",7880,0,6.80,0.00,55,122,28,1477.07,89.63,55,63,79,250,340,490,550,690,690,690,690,690
"None","Aggregated","1589924727",7893,0,7.10,0.00,55,122,28,1477.07,89.61,56,62,75,240,340,480,550,550,550,550,550,550
"None","Aggregated","1589924729",7909,0,8.20,0.00,55,122,28,1477.07,89.61,56,62,74,230,340,420,490,550,550,550,550,550
"None","Aggregated","1589924731",7929,0,8.80,0.00,55,122,28,1477.07,89.63,57,62,220,250,340,420,490,550,550,550,550,550
"None","Aggregated","1589924733",7945,0,8.50,0.00,55,122,28,1477.07,89.63,56,62,210,240,340,370,490,550,550,550,550,550
"None","Aggregated","1589924735",7957,0,8.30,0.00,55,122,28,1477.07,89.61,51,62,240,280,350,460,550,570,570,570,570,570
"None","Aggregated","1589924737",7977,0,8.20,0.00,55,122,28,1477.07,89.67,51,61,210,240,310,380,540,570,570,570,570,570
"None","Aggregated","1589924739",7990,0,7.90,0.00,55,122,28,1477.07,89.67,52,61,210,240,320,460,570,590,590,590,590,590
"None","Aggregated","1589924741",8002,0,8.20,0.00,55,122,28,1477.07,89.65,53,72,210,250,330,540,590,640,640,640,640,640
"None","Aggregated","1589924743",8011,0,8.10,0.00,55,123,28,1477.07,89.62,59,86,250,300,430,560,590,640,640,640,640,640
"None","Aggregated","1589924745",8029,0,6.90,0.00,55,123,28,1477.07,89.71,54,72,200,270,460,540,590,640,640,640,640,640
"None","Aggregated","1589924747",8045,0,7.10,0.00,55,123,28,1477.07,89.71,61,87,260,300,430,540,590,640,640,640,640,640
"None","Aggregated","1589924749",8060,0,7.00,0.00,55,123,28,1477.07,89.69,60,89,250,280,430,470,560,640,640,640,640,640
"None","Aggregated","1589924751",8069,0,6.80,0.00,55,123,28,1477.07,89.69,58,91,270,280,430,470,560,580,580,580,580,580
"None","Aggregated","1589924753",8083,0,6.60,0.00,55,123,28,1477.07,89.68,56,73,250,280,430,540,580,600,600,600,600,600
"None","Aggregated","1589924755",8094,0,7.00,0.00,55,123,28,1477.07,89.68,59,87,260,280,430,540,580,600,600,600,600,600
"None","Aggregated","1589924757",8106,0,6.50,0.00,55,123,28,1477.07,89.73,59,87,280,300,540,580,600,610,610,610,610,610
"None","Aggregated","1589924759",8118,0,6.30,0.00,55,123,28,1477.07,89.69,59,77,280,300,540,580,600,610,610,610,610,610
"None","Aggregated","1589924761",8136,0,5.50,0.00,55,123,28,1477.07,89.74,58,73,240,280,520,560,600,610,610,610,610,610
"None","Aggregated","1589924763",8148,0,6.10,0.00,55,123,28,1477.07,89.74,60,72,260,290,490,530,570,610,610,610,610,610
"None","Aggregated","1589924765",8164,0,6.30,0.00,55,123,28,1477.07,89.73,61,74,260,290,480,520,570,610,610,610,610,610
"None","Aggregated","1589924767",8175,0,7.00,0.00,55,123,28,1477.07,89.74,60,71,260,280,410,480,490,520,520,520,520,520
"None","Aggregated","1589924769",8199,0,6.90,0.00,55,123,28,1477.07,89.79,56,66,86,260,400,490,520,640,640,640,640,640
"None","Aggregated","1589924771",8208,0,7.40,0.00,55,123,28,1477.07,89.79,57,66,240,280,400,520,530,640,640,640,640,640
"None","Aggregated","1589924773",8223,0,7.80,0.00,55,123,28,1477.07,89.81,57,70,100,280,410,490,530,640,640,640,640,640
"None","Aggregated","1589924775",8240,0,7.70,0.00,55,123,28,1477.07,89.82,55,66,93,240,430,520,550,640,640,640,640,640
"None","Aggregated","1589924777",8260,0,7.80,0.00,55,123,28,1477.07,89.90,52,59,72,93,340,450,550,640,640,640,640,640
"None","Aggregated","1589924779",8273,0,8.00,0.00,55,123,28,1477.07,89.86,56,70,100,250,430,500,530,550,550,550,550,550
"None","Aggregated","1589924781",8289,0,8.20,0.00,55,123,28,1477.07,89.91,55,63,78,240,430,500,550,600,600,600,600,600
"None","Aggregated","1589924783",8298,0,7.40,0.00,55,123,28,1477.07,89.89,55,63,80,260,410,500,550,600,600,600,600,600
"None","Aggregated","1589924786",8307,0,7.70,0.00,55,123,28,1477.07,89.87,57,73,240,290,500,600,700,710,710,710,710,710
"None","Aggregated","1589924788",8321,0,6.60,0.00,55,123,28,1477.07,89.91,59,78,290,310,480,600,700,710,710,710,710,710
"None","Aggregated","1589924790",8338,0,6.10,0.00,55,123,28,1477.07,89.91,59,73,280,310,480,560,700,710,710,710,710,710
"None","Aggregated","1589924792",8354,0,6.10,0.00,55,123,28,1477.07,89.93,57,73,110,300,500,640,700,710,710,710,710,710
"None","Aggregated","1589924794",8364,0,6.60,0.00,55,123,28,1477.07,89.92,58,78,110,300,500,560,640,710,710,710,710,710
"None","Aggregated","1589924796",8377,0,6.60,0.00,55,123,28,1477.07,89.91,57,72,88,220,380,550,570,640,640,640,640,640
"None","Aggregated","1589924798",8389,0,7.20,0.00,55,123,28,1477.07,89.89,57,79,220,270,450,560,640,770,770,770,770,770
"None","Aggregated","1589924800",8395,0,6.80,0.00,55,124,28,1477.07,89.87,63,110,250,340,530,570,760,770,770,770,770,770
"None","Aggregated","1589924802",8401,0,5.80,0.00,55,124,28,1477.07,89.83,83,220,350,510,560,630,770,770,770,770,770,770
"None","Aggregated","1589924804",8410,0,5.20,0.00,55,124,28,1477.07,89.79,180,280,500,510,550,760,770,770,770,770,770,770
"None","Aggregated","1589924806",8428,0,4.60,0.00,55,124,28,1477.07,89.82,79,220,330,410,540,630,770,770,770,770,770,770
"None","Aggregated","1589924808",8440,0,4.80,0.00,55,124,28,1477.07,89.80,65,230,330,410,500,540,630,630,630,630,630,630
"None","Aggregated","1589924810",8452,0,4.80,0.00,55,124,28,1477.07,89.80,65,180,290,330,440,540,620,630,630,630,630,630
"None","Aggregated","1589924812",8462,0,5.50,0.00,55,124,28,1477.07,89.75,64,79,280,330,440,490,540,620,620,620,620,620
"None","Aggregated","1589924814",8473,0,6.30,0.00,55,124,28,1477.07,89.76,61,77,280,330,450,490,500,620,620,620,620,620
"None","Aggregated","1589924816",8486,0,6.30,0.00,55,124,28,1477.07,89.77,66,81,280,330,460,500,570,620,620,620,620,620
"None","Aggregated","1589924818",8497,0,6.10,0.00,55,124,28,1477.07,89.73,63,82,330,440,490,620,630,670,670,670,670,670
"None","Aggregated","1589924820",8506,0,5.80,0.00,55,124,28,1477.07,89.73,58,82,330,450,500,580,670,670,670,670,670,670
"None","Aggregated","1589924822",8520,0,5.40,0.00,55,124,28,1477.07,89.72,56,82,250,420,500,630,670,700,700,700,700,700
"None","Aggregated","1589924824",8529,0,5.80,0.00,55,124,28,1477.07,89.72,62,91,330,450,600,630,700,700,700,700,700,700
"None","Aggregated","1589924826",8548,0,5.60,0.00,55,124,28,1477.07,89.76,57,70,220,310,510,610,670,700,700,700,700,700
"None","Aggregated","1589924828",8561,0,5.10,0.00,55,124,28,1477.07,89.82,56,64,88,250,510,600,620,700,700,700,700,700
"None","Aggregated","1589924830",8573,0,6.40,0.00,55,125,28,1477.07,89.82,57,64,100,250,510,570,610,620,620,620,620,620
"None","Aggregated","1589924832",8585,0,6.40,0.00,55,125,28,1477.07,89.84,58,64,91,270,510,600,620,660,660,660,660,660
"None","Aggregated","1589924834",8599,0,6.60,0.00,55,125,28,1477.07,89.83,56,62,88,270,470,570,620,660,660,660,660,660
"None","Aggregated","1589924836",8621,0,7.10,0.00,55,125,28,1477.07,89.91,55,62,91,250,470,570,620,660,660,660,660,660
"None","Aggregated","1589924838",8631,0,7.40,0.00,55,125,28,1477.07,89.88,56,67,210,240,470,560,610,660,660,660,660,660
"None","Aggregated","1589924840",8643,0,7.20,0.00,55,125,28,1477.07,89.86,56,77,210,270,460,480,610,660,660,660,660,660
"None","Aggregated","1589924842",8660,0,7.20,0.00,55,125,28,1477.07,89.89,56,65,110,220,430,470,540,610,610,610,610,610
"None","Aggregated","1589924844",8672,0,7.50,0.00,55,125,28,1477.07,89.86,61,80,220,310,430,470,610,660,660,660,660,660
"None","Aggregated","1589924846",8687,0,6.90,0.00,55,125,28,1477.07,89.90,61,77,220,320,440,540,610,660,660,660,660,660
"None","Aggregated","1589924848",8702,0,6.90,0.00,55,125,28,1477.07,89.88,61,72,200,260,420,530,540,660,660,660,660,660
"None","Aggregated","1589924850",8714,0,6.90,0.00,55,125,28,1477.07,89.89,61,74,200,240,430,530,620,660,660,660,660,660
"None","Aggregated","1589924852",8733,0,6.90,0.00,55,125,28,1477.07,89.97,58,70,100,240,430,530,620,660,660,660,660,660
"None","Aggregated","1589924854",8746,0,7.00,0.00,55,125,28,1477.07,89.92,58,74,160,240,420,530,540,620,620,620,620,620
"None","Aggregated","1589924856",8756,0,7.30,0.00,55,125,28,1477.07,89.89,61,70,160,240,410,530,580,620,620,620,620,620
"None","Aggregated","1589924858",8764,0,7.00,0.00,55,125,28,1477.07,89.89,57,68,230,260,520,590,600,620,620,620,620,620
"None","Aggregated","1589924860",8773,0,6.60,0.00,55,125,28,1477.07,89.85,61,150,290,390,530,590,830,830,830,830,830,830
"None","Aggregated","1589924862",8787,0,6.10,0.00,55,125,28,1477.07,89.90,61,88,290,420,560,590,830,830,830,830,830,830
"None","Aggregated","1589924864",8797,0,5.50,0.00,55,125,28,1477.07,89.89,66,220,390,420,550,590,830,830,830,830,830,830
"None","Aggregated","1589924866",8814,0,5.00,0.00,55,125,28,1477.07,89.85,59,88,320,420,520,560,590,830,830,830,830,830
"None","Aggregated","1589924868",8824,0,5.00,0.00,55,125,28,1477.07,89.84,55,83,290,390,450,540,550,560,560,560,560,560
"None","Aggregated","1589924870",8838,0,6.00,0.00,55,125,28,1477.07,89.83,54,71,220,320,450,530,550,610,610,610,610,610
"None","Aggregated","1589924872",8849,0,6.10,0.00,55,125,28,1477.07,89.79,55,83,270,420,460,530,550,610,610,610,610,610
"None","Aggregated","1589924874",8863,0,6.20,0.00,55,125,28,1477.07,89.79,55,83,250,290,450,460,530,610,610,610,610,610
"None","Aggregated","1589924876",8878,0,6.70,0.00,55,125,28,1477.07,89.77,56,83,280,350,450,520,530,610,610,610,610,610
"None","Aggregated","1589924878",8889,0,6.60,0.00,55,126,28,1477.07,89.79,57,86,280,350,450,530,580,630,630,630,630,630
"None","Aggregated","1589924880",8900,0,6.20,0.00,55,126,28,1477.07,89.78,56,74,310,350,450,580,630,680,680,680,680,680
"None","Aggregated","1589924882",8909,0,6.40,0.00,55,126,28,1477.07,89.76,55,70,310,370,460,580,630,680,680,680,680,680
"None","Aggregated","1589924884",8923,0,6.00,0.00,55,126,28,1477.07,89.73,62,70,310,320,480,580,630,680,680,680,680,680
"None","Aggregated","1589924886",8936,0,6.10,0.00,55,126,28,1477.07,89.74,64,77,310,380,530,630,660,680,680,680,680,680
"None","Aggregated","1589924888",8943,0,6.20,0.00,55,126,28,1477.07,89.71,67,84,310,320,480,580,660,1000,1000,1000,1000,1000
"None","Aggregated","1589924890",8959,0,5.70,0.00,55,126,28,1477.07,89.67,65,77,270,320,520,660,690,1000,1000,1000,1000,1000
"None","Aggregated","1589924892",8972,0,5.90,0.00,55,126,28,1477.07,89.69,61,70,210,270,520,660,690,1000,1000,1000,1000,1000
"None","Aggregated","1589924894",8983,0,6.30,0.00,55,126,28,1477.07,89.67,60,73,270,320,520,660,690,1000,1000,1000,1000,1000
"None","Aggregated","1589924896",8991,0,5.90,0.00,55,126,28,1477.07,89.66,60,75,320,400,480,650,690,1000,1000,1000,1000,1000
"None","Aggregated","1589924898",9005,0,5.60,0.00,55,126,28,1477.07,89.66,58,75,300,330,480,560,650,690,690,690,690,690
"None","Aggregated","1589924900",9015,0,5.60,0.00,55,126,28,1477.07,89.64,59,260,330,450,480,560,560,650,650,650,650,650
"None","Aggregated","1589924902",9028,0,5.50,0.00,55,126,28,1477.07,89.63,58,79,300,330,500,560,560,650,650,650,650,650
"None","Aggregated","1589924904",9041,0,5.70,0.00,55,126,28,1477.07,89.59,59,93,300,330,500,560,560,740,740,740,740,740
"None","Aggregated","1589924906",9051,0,5.70,0.00,55,126,28,1477.07,89.58,62,96,260,340,510,600,620,740,740,740,740,740
"None","Aggregated","1589924908",9063,0,5.70,0.00,55,126,28,1477.07,89.60,68,93,260,300,500,600,620,740,740,740,740,740
"None","Aggregated","1589924910",9073,0,6.40,0.00,55,127,28,1477.07,89.61,68,96,300,370,540,600,620,740,740,740,740,740
"None","Aggregated","1589924912",9083,0,6.00,0.00,55,127,28,1477.07,89.60,69,100,340,370,510,590,600,620,620,620,620,620
"None","Aggregated","1589924914",9094,0,5.40,0.00,55,127,28,1477.07,89.59,66,81,340,440,510,570,590,600,600,600,600,600
"None","Aggregated","1589924916",9105,0,5.40,0.00,55,127,28,1477.07,89.63,66,97,340,440,550,570,700,700,700,700,700,700
"None","Aggregated","1589924918",9113,0,5.80,0.00,55,127,28,1477.07,89.60,66,200,440,470,510,550,700,700,700,700,700,700
"None","Aggregated","1589924920",9119,0,4.80,0.00,55,127,28,1477.07,89.57,66,260,440,470,550,700,1000,1000,1000,1000,1000,1000
"None","Aggregated","1589924922",9135,0,4.30,0.00,55,127,28,1477.07,89.57,61,97,300,420,510,700,1000,1000,1000,1000,1000,1000
"None","Aggregated","1589924924",9152,0,5.00,0.00,55,127,28,1477.07,89.58,62,91,260,380,510,700,800,1000,1000,1000,1000,1000
"None","Aggregated","1589924926",9162,0,5.60,0.00,55,127,28,1477.07,89.58,69,91,270,380,500,590,800,1000,1000,1000,1000,1000
"None","Aggregated","1589924928",9176,0,5.60,0.00,55,127,28,1477.07,89.60,62,90,250,280,450,500,800,1000,1000,1000,1000,1000
"None","Aggregated","1589924930",9195,0,6.10,0.00,55,127,28,1477.07,89.70,62,88,94,260,390,500,590,740,740,740,740,740
"None","Aggregated","1589924932",9206,0,7.80,0.00,55,127,28,1477.07,89.69,68,91,250,270,390,500,540,740,740,740,740,740
"None","Aggregated","1589924934",9219,0,7.20,0.00,55,127,28,1477.07,89.68,60,82,230,280,450,500,540,740,740,740,740,740
"None","Aggregated","1589924936",9230,0,6.80,0.00,55,127,28,1477.07,89.65,60,88,230,320,450,510,540,740,740,740,740,740
"None","Aggregated","1589924938",9246,0,6.60,0.00,55,127,28,1477.07,89.63,59,76,230,280,470,520,540,740,740,740,740,740
"None","Aggregated","1589924940",9254,0,6.60,0.00,55,127,28,1477.07,89.60,60,77,280,360,470,520,520,540,540,540,540,540
"None","Aggregated","1589924942",9262,0,6.10,0.00,55,127,28,1477.07,89.56,62,77,280,390,500,520,670,1000,1000,1000,1000,1000
"None","Aggregated","1589924944",9278,0,5.60,0.00,55,127,28,1477.07,89.58,62,76,250,310,500,540,670,1000,1000,1000,1000,1000
"None","Aggregated","1589924946",9295,0,5.90,0.00,55,127,28,1477.07,89.56,58,74,240,290,430,520,670,1000,1000,1000,1000,1000
"None","Aggregated","1589924948",9312,0,6.60,0.00,55,127,28,1477.07,89.52,60,69,240,280,430,510,670,1000,1000,1000,1000,1000
"None","Aggregated","1589924950",9322,0,6.60,0.00,55,127,28,1477.07,89.51,60,74,220,250,430,500,540,670,670,670,670,670
"None","Aggregated","1589924952",9340,0,6.60,0.00,55,127,28,1477.07,89.46,59,69,96,250,410,450,540,540,540,540,540,540
"None","Aggregated","1589924954",9355,0,7.50,0.00,55,127,28,1477.07,89.47,59,74,110,250,410,450,500,540,540,540,540,540
"None","Aggregated","1589924956",9364,0,7.70,0.00,55,127,28,1477.07,89.48,59,75,100,250,410,460,540,1200,1200,1200,1200,1200
"None","Aggregated","1589924958",9374,0,7.10,0.00,55,127,28,1477.07,89.52,58,86,100,300,410,460,540,1200,1200,1200,1200,1200
